carrier_id,carrier_code,carrier_type
1,180,Legacy
2,19,Legacy
3,204,Legacy
4,264,Legacy
5,398,Legacy
6,153,Legacy
7,16,Legacy
8,22,Legacy
9,159,Legacy
10,151,Legacy
11,59,Legacy
12,99,Legacy
13,206,Legacy
14,166,Legacy
15,148,Legacy
16,77,Legacy
17,3,Legacy
18,4,Legacy
19,177,Legacy
20,125,Legacy
21,216,Legacy
22,188,Legacy
23,61,Legacy
24,39,Legacy
25,572,Legacy
26,12,Legacy
27,52,Legacy
28,79,Legacy
29,176,Legacy
30,78,Legacy
31,210,Legacy
32,135,Legacy
33,194,Legacy
34,343,Legacy
35,261,Legacy
36,65,Legacy
37,84,Legacy
38,63,Legacy
39,33,Legacy
40,109,Legacy
41,24,Legacy
42,46,Legacy
43,48,Legacy
44,432,Legacy
45,1033,Legacy
46,1904,Legacy
47,186,Legacy
48,876,Legacy
49,1027,Legacy
50,212,Legacy
51,445,Legacy
52,1292,Legacy
53,350,Legacy
54,550,Legacy
55,700,Legacy
56,649,Legacy
57,278,Legacy
58,17,Legacy
59,647,Legacy
60,722,Legacy
61,352,Legacy
62,460,Legacy
63,404,Legacy
64,38,Legacy
65,195,Legacy
66,414,Legacy
67,1236,Legacy
68,7,Legacy
69,560,Legacy
70,107,Legacy
71,132,Legacy
72,442,Legacy
73,753,Legacy
74,1623,Legacy
75,247,Legacy
76,172,Legacy
77,424,Legacy
78,118,Legacy
79,1272,Legacy
80,5,Legacy
81,1,Legacy
82,379,Legacy
83,1239,Legacy
84,13,Legacy
85,516,Legacy
86,1784,Legacy
87,2,Legacy
88,92,Legacy
89,300,Legacy
90,28,Legacy
91,167,Legacy
92,42,Legacy
93,162,Legacy
94,23,Legacy
95,130,Legacy
96,85,Legacy
97,984,Legacy
98,1966,Legacy
99,469,Legacy
100,344,Legacy
101,246,Legacy
102,40,Legacy
103,1052,Legacy
104,219,Legacy
105,388,Legacy
106,220,Legacy
107,918,Legacy
108,1038,Legacy
109,141,Legacy
110,961,Legacy
111,144,Legacy
112,156,Legacy
113,136,Legacy
114,163,Legacy
115,2541,Legacy
116,51,Legacy
117,579,Legacy
118,748,Legacy
119,72,Legacy
120,171,Legacy
121,196,Legacy
122,131,Legacy
123,262,Legacy
124,150,Legacy
125,115,Legacy
126,225,Legacy
127,412,Legacy
128,902,Legacy
129,402,Legacy
130,487,Legacy
131,334,Legacy
132,105,Legacy
133,386,Legacy
134,113,Legacy
135,340,Legacy
136,470,Legacy
137,446,Legacy
138,502,Legacy
139,964,Legacy
140,321,Legacy
141,10,Legacy
142,290,Legacy
143,183,Legacy
144,189,Legacy
145,601,Legacy
146,69,Legacy
147,1200,Legacy
148,101,Legacy
149,491,Legacy
150,32,Legacy
151,265,Legacy
152,237,Legacy
153,197,Legacy
154,1008,Legacy
155,122,Legacy
156,76,Legacy
157,175,Legacy
158,192,Legacy
159,45,Legacy
160,230,Legacy
161,70,Legacy
162,80,Legacy
163,532,Legacy
164,37,Legacy
165,129,Legacy
166,83,Legacy
167,108,Legacy
168,205,Legacy
169,272,Legacy
170,34,Legacy
171,9,Legacy
172,142,Legacy
173,29,Legacy
174,149,Legacy
175,114,Legacy
176,2449,Legacy
177,1173,Legacy
178,759,Legacy
179,1091,Legacy
180,770,Legacy
181,1575,Legacy
182,1266,Legacy
183,15,Legacy
184,31,Legacy
185,777,Legacy
186,1533,Legacy
187,787,Legacy
188,1447,Legacy
189,665,Legacy
190,873,Legacy
191,788,Legacy
192,513,Legacy
193,2367,Legacy
194,275,Legacy
195,544,Legacy
196,1259,Legacy
197,1188,Legacy
198,327,Legacy
199,888,Legacy
200,1883,Legacy
201,1098,Legacy
202,6,Legacy
203,931,Legacy
204,1963,Legacy
205,282,Legacy
206,1640,Legacy
207,1464,Legacy
208,683,Legacy
209,1315,Legacy
210,2262,Legacy
211,616,Legacy
212,1065,Legacy
213,1205,Legacy
214,2266,Legacy
215,198,Legacy
216,71,Legacy
217,2897,Legacy
218,213,Legacy
219,1111,Legacy
220,2137,Legacy
221,2094,Legacy
222,64,Legacy
223,2859,Legacy
224,60,Legacy
225,341,Legacy
226,298,Legacy
227,1245,Legacy
228,438,Legacy
229,233,Legacy
230,663,Legacy
231,818,Legacy
232,35,Legacy
233,68,Legacy
234,408,Legacy
235,319,Legacy
236,356,Legacy
237,468,Legacy
238,1041,Legacy
239,971,Legacy
240,956,Legacy
241,120,Legacy
242,217,Legacy
243,822,Legacy
244,500,Legacy
245,463,Legacy
246,478,Legacy
247,1942,Legacy
248,137,Legacy
249,103,Legacy
250,286,Legacy
251,392,Legacy
252,187,Legacy
253,8,Legacy
254,127,Legacy
255,25,Legacy
256,202,Legacy
257,82,Legacy
258,342,Legacy
259,2902,Legacy
260,530,Legacy
261,283,Legacy
262,618,Legacy
263,126,Legacy
264,116,Legacy
265,768,Legacy
266,1026,Legacy
267,670,Legacy
268,989,Legacy
269,466,Legacy
270,437,Legacy
271,1215,Legacy
272,1358,Legacy
273,324,Legacy
274,474,Legacy
275,1397,Legacy
276,193,Legacy
277,160,Legacy
278,21,Legacy
279,30,Legacy
280,521,Legacy
281,11,Legacy
282,56,Legacy
283,585,Legacy
284,564,Legacy
285,782,Legacy
286,650,Legacy
287,152,Legacy
288,214,Legacy
289,91,Legacy
290,112,Legacy
291,154,Legacy
292,50,Legacy
293,178,Legacy
294,67,Legacy
295,18,Legacy
296,266,Legacy
297,98,Legacy
298,234,Legacy
299,174,Legacy
300,123,Legacy
301,49,Legacy
302,751,Legacy
303,503,Legacy
304,14,Legacy
305,323,Legacy
306,165,Legacy
307,53,Legacy
308,315,Legacy
309,880,Legacy
310,380,Legacy
311,100,Legacy
312,429,Legacy
313,891,Legacy
314,307,Legacy
315,473,Legacy
316,26,Legacy
317,673,Legacy
318,199,Legacy
319,161,Legacy
320,707,Legacy
321,525,Legacy
322,600,Legacy
323,729,Legacy
324,1062,Legacy
325,551,Legacy
326,47,Legacy
327,415,Legacy
328,96,Legacy
329,221,Legacy
330,249,Legacy
331,575,Legacy
332,254,Legacy
333,1314,Legacy
334,20,Legacy
335,523,Legacy
336,1960,Legacy
337,66,Legacy
338,995,Legacy
339,1483,Legacy
340,996,Legacy
341,209,Legacy
342,631,Legacy
343,1945,Legacy
344,330,Legacy
345,239,Legacy
346,227,Legacy
347,58,Legacy
348,422,Legacy
349,2433,Legacy
350,97,Legacy
351,110,Legacy
352,1086,Legacy
353,121,Legacy
354,362,Legacy
355,27,Legacy
356,36,Legacy
357,302,Legacy
358,571,Legacy
359,57,Legacy
360,970,Legacy
361,856,Legacy
362,41,Legacy
363,2730,Legacy
364,263,Legacy
365,848,Legacy
366,1277,Legacy
367,558,Legacy
368,228,Legacy
369,512,Legacy
370,728,Legacy
371,1127,Legacy
372,75,Legacy
373,2355,Legacy
374,293,Legacy
375,1685,Legacy
376,1693,Legacy
377,3147,Legacy
378,124,Legacy
379,119,Legacy
380,339,Legacy
381,299,Legacy
382,1243,Legacy
383,381,Legacy
384,218,Legacy
385,348,Legacy
386,215,Legacy
387,614,Legacy
388,81,Legacy
389,644,Legacy
390,911,Legacy
391,74,Legacy
392,973,Legacy
393,510,Legacy
394,761,Legacy
395,325,Legacy
396,164,Legacy
397,535,Legacy
398,268,Legacy
399,54,Legacy
400,117,Legacy
401,229,Legacy
402,145,Legacy
403,155,Legacy
404,244,Legacy
405,276,Legacy
406,285,Legacy
407,102,Legacy
408,919,Legacy
409,494,Legacy
410,2230,Legacy
411,418,Legacy
412,874,Legacy
413,2989,Legacy
414,207,Legacy
415,954,Legacy
416,2507,Legacy
417,139,Legacy
418,382,Legacy
419,235,Legacy
420,2183,Legacy
421,43,Legacy
422,472,Legacy
423,967,Legacy
424,534,Legacy
425,421,Legacy
426,798,Legacy
427,1285,Legacy
428,462,Legacy
429,248,Legacy
430,332,Legacy
431,240,Legacy
432,314,Legacy
433,169,Legacy
434,505,Legacy
435,794,Legacy
436,1783,Legacy
437,1377,Legacy
438,2560,Legacy
439,573,Legacy
440,1374,Legacy
441,1831,Legacy
442,717,Legacy
443,3129,Legacy
444,542,Legacy
445,988,Legacy
446,182,Legacy
447,1263,Legacy
448,2703,Legacy
449,322,Legacy
450,146,Legacy
451,2286,Legacy
452,333,Legacy
453,1366,Legacy
454,1548,Legacy
455,712,Legacy
456,4041,Legacy
457,243,Legacy
458,740,Legacy
459,190,Legacy
460,173,Legacy
461,793,Legacy
462,1307,Legacy
463,391,Legacy
464,181,Legacy
465,426,Legacy
466,329,Legacy
467,347,Legacy
468,569,Legacy
469,493,Legacy
470,1407,Legacy
471,366,Legacy
472,200,Legacy
473,86,Legacy
474,241,Legacy
475,317,Legacy
476,963,Legacy
477,338,Legacy
478,1570,Legacy
479,305,Legacy
480,690,Legacy
481,294,Legacy
482,894,Legacy
483,252,Legacy
484,374,Legacy
485,295,Legacy
486,394,Legacy
487,486,Legacy
488,661,Legacy
489,111,Legacy
490,128,Legacy
491,106,Legacy
492,813,Legacy
493,599,Legacy
494,400,Legacy
495,1017,Legacy
496,533,Legacy
497,830,Legacy
498,660,Legacy
499,1196,Legacy
500,546,Legacy
501,55,Legacy
502,506,Legacy
503,704,Legacy
504,846,Legacy
505,94,Legacy
506,389,Legacy
507,627,Legacy
508,378,Legacy
509,140,Legacy
510,719,Legacy
511,306,Legacy
512,578,Legacy
513,615,Legacy
514,318,Legacy
515,484,Legacy
516,452,Legacy
517,73,Legacy
518,373,Legacy
519,441,Legacy
520,277,Legacy
521,367,Legacy
522,528,Legacy
523,685,Legacy
524,1018,Legacy
525,492,Legacy
526,590,Legacy
527,134,Legacy
528,823,Legacy
529,566,Legacy
530,303,Legacy
531,1131,Legacy
532,775,Legacy
533,88,Legacy
534,1049,Legacy
535,1539,Legacy
536,980,Legacy
537,185,Legacy
538,87,Legacy
539,138,Legacy
540,357,Legacy
541,434,Legacy
542,593,Legacy
543,511,Legacy
544,371,Legacy
545,364,Legacy
546,259,Legacy
547,611,Legacy
548,104,Legacy
549,583,Legacy
550,267,Legacy
551,1300,Legacy
552,291,Legacy
553,1275,Legacy
554,783,Legacy
555,1702,Legacy
556,245,Legacy
557,309,Legacy
558,738,Legacy
559,377,Legacy
560,814,Legacy
561,949,Legacy
562,577,Legacy
563,2135,Legacy
564,273,Legacy
565,231,Legacy
566,271,Legacy
567,250,Legacy
568,316,Legacy
569,458,Legacy
570,443,Legacy
571,587,Legacy
572,903,Legacy
573,504,Legacy
574,947,Legacy
575,1915,Legacy
576,1312,Legacy
577,746,Legacy
578,147,Legacy
579,236,Legacy
580,1861,Legacy
581,752,Legacy
582,675,Legacy
583,656,Legacy
584,723,Legacy
585,1117,Legacy
586,133,Legacy
587,784,Legacy
588,433,Legacy
589,1351,Legacy
590,1178,Legacy
591,1304,Legacy
592,1382,Legacy
593,702,Legacy
594,4326,Legacy
595,387,Legacy
596,668,Legacy
597,2858,Legacy
598,2637,Legacy
599,2295,Legacy
600,3662,Legacy
601,280,Legacy
602,1838,Legacy
603,157,Legacy
604,968,Legacy
605,168,Legacy
606,1063,Legacy
607,1221,Legacy
608,310,Legacy
609,1414,Legacy
610,355,Legacy
611,696,Legacy
612,638,Legacy
613,588,Legacy
614,687,Legacy
615,854,Legacy
616,62,Legacy
617,406,Legacy
618,966,Legacy
619,279,Legacy
620,410,Legacy
621,979,Legacy
622,562,Legacy
623,44,Legacy
624,191,Legacy
625,1305,Legacy
626,488,Legacy
627,454,Legacy
628,2141,Legacy
629,1596,Legacy
630,1627,Legacy
631,1678,Legacy
632,1059,Legacy
633,955,Legacy
634,920,Legacy
635,2713,Legacy
636,359,Legacy
637,907,Legacy
638,835,Legacy
639,467,Legacy
640,90,Legacy
641,630,Legacy
642,1290,Legacy
643,1432,Legacy
644,714,Legacy
645,158,Legacy
646,313,Legacy
647,416,Legacy
648,358,Legacy
649,565,Legacy
650,440,Legacy
651,800,Legacy
652,2537,Legacy
653,2393,Legacy
654,1896,Legacy
655,2327,Legacy
656,3090,Legacy
657,1917,Legacy
658,713,Legacy
659,369,Legacy
660,396,Legacy
661,258,Legacy
662,288,Legacy
663,1137,Legacy
664,537,Legacy
665,482,Legacy
666,257,Legacy
667,582,Legacy
668,1287,Legacy
669,1106,Legacy
670,820,Legacy
671,3814,Legacy
672,1180,Legacy
673,1717,Legacy
674,1441,Legacy
675,1181,Legacy
676,1405,Legacy
677,1134,Legacy
678,699,Legacy
679,2303,Legacy
680,1632,Legacy
681,331,Legacy
682,3091,Legacy
683,6175,Legacy
684,375,Legacy
685,732,Legacy
686,574,Legacy
687,1029,Legacy
688,2783,Legacy
689,1030,Legacy
690,289,Legacy
691,1043,Legacy
692,999,Legacy
693,1476,Legacy
694,2073,Legacy
695,654,Legacy
696,982,Legacy
697,681,Legacy
698,1073,Legacy
699,517,Legacy
700,677,Legacy
701,311,Legacy
702,789,Legacy
703,2007,Legacy
704,1688,Legacy
705,89,Legacy
706,869,Legacy
707,750,Legacy
708,1722,Legacy
709,346,Legacy
710,409,Legacy
711,242,Legacy
712,274,Legacy
713,270,Legacy
714,281,Legacy
715,372,Legacy
716,376,Legacy
717,592,Legacy
718,226,Legacy
719,667,Legacy
720,354,Legacy
721,256,Legacy
722,179,Legacy
723,447,Legacy
724,222,Legacy
725,170,Legacy
726,397,Legacy
727,370,Legacy
728,536,Legacy
729,538,Legacy
730,1664,Legacy
731,260,Legacy
732,184,Legacy
733,361,Legacy
734,208,Legacy
735,1112,Legacy
736,672,Legacy
737,861,Legacy
738,93,Legacy
739,1151,Legacy
740,658,Legacy
741,201,Legacy
742,304,Legacy
743,475,Legacy
744,203,Legacy
745,620,Legacy
746,449,Legacy
747,1773,Legacy
748,978,Legacy
749,1395,Legacy
750,1185,Legacy
751,623,Legacy
752,763,Legacy
753,605,Legacy
754,957,Legacy
755,453,Legacy
756,485,Legacy
757,509,Legacy
758,725,Legacy
759,637,Legacy
760,780,Legacy
761,1651,Legacy
762,1258,Legacy
763,496,Legacy
764,1490,Legacy
765,2431,Legacy
766,363,Legacy
767,2010,Legacy
768,1153,Legacy
769,742,Legacy
770,1124,Legacy
771,2666,Legacy
772,567,Legacy
773,916,Legacy
774,251,Legacy
775,455,Legacy
776,403,Legacy
777,481,Legacy
778,297,Legacy
779,659,Legacy
780,540,Legacy
781,495,Legacy
782,960,Legacy
783,625,Legacy
784,1189,Legacy
785,991,Legacy
786,2872,Legacy
787,834,Legacy
788,1663,Legacy
789,1192,Legacy
790,1892,Legacy
791,629,Legacy
792,1514,Legacy
793,1004,Legacy
794,2338,Legacy
795,1343,Legacy
796,985,Legacy
797,2127,Legacy
798,1293,Legacy
799,875,Legacy
800,2009,Legacy
801,1608,Legacy
802,1800,Legacy
803,682,Legacy
804,2091,Legacy
805,632,Legacy
806,1079,Legacy
807,1334,Legacy
808,2389,Legacy
809,3393,Legacy
810,253,Legacy
811,2049,Legacy
812,2146,Legacy
813,2674,Legacy
814,349,Legacy
815,1459,Legacy
816,950,Legacy
817,1289,Legacy
818,1169,Legacy
819,211,Legacy
820,645,Legacy
821,471,Legacy
822,448,Legacy
823,3193,Legacy
824,602,Legacy
825,711,Legacy
826,785,Legacy
827,459,Legacy
828,917,Legacy
829,1385,Legacy
830,1005,Legacy
831,1713,Legacy
832,427,Legacy
833,476,Legacy
834,1461,Legacy
835,223,Legacy
836,405,Legacy
837,580,Legacy
838,576,Legacy
839,287,Legacy
840,604,Legacy
841,284,Legacy
842,766,Legacy
843,269,Legacy
844,497,Legacy
845,489,Legacy
846,801,Legacy
847,539,Legacy
848,790,Legacy
849,872,Legacy
850,1231,Legacy
851,10000,Low-Cost
852,4659,Low-Cost
853,9968,Low-Cost
854,9774,Low-Cost
855,6061,Low-Cost
856,4263,Low-Cost
857,7285,Low-Cost
858,5415,Low-Cost
859,7212,Low-Cost
860,4404,Low-Cost
861,5646,Low-Cost
862,9934,Low-Cost
863,6869,Low-Cost
864,9712,Low-Cost
865,8512,Low-Cost
866,3845,Low-Cost
867,6154,Low-Cost
868,8049,Low-Cost
869,8338,Low-Cost
870,5013,Low-Cost
871,9638,Low-Cost
872,6493,Low-Cost
873,6566,Low-Cost
874,6592,Low-Cost
875,3790,Low-Cost
876,5636,Low-Cost
877,5933,Low-Cost
878,6140,Low-Cost
879,5473,Low-Cost
880,9958,Low-Cost
881,7464,Low-Cost
882,8460,Low-Cost
883,9800,Low-Cost
884,8219,Low-Cost
885,5386,Low-Cost
886,5724,Low-Cost
887,6045,Low-Cost
888,6558,Low-Cost
889,6444,Low-Cost
890,8571,Low-Cost
891,5619,Low-Cost
892,5666,Low-Cost
893,9210,Low-Cost
894,9359,Low-Cost
895,9985,Low-Cost
896,6307,Low-Cost
897,9868,Low-Cost
898,9427,Low-Cost
899,9975,Low-Cost
900,9076,Low-Cost
901,8795,Low-Cost
902,7766,Low-Cost
903,6464,Low-Cost
904,4881,Low-Cost
905,9938,Low-Cost
906,9929,Low-Cost
907,9473,Low-Cost
908,9883,Low-Cost
909,9808,Low-Cost
910,7756,Low-Cost
911,7187,Low-Cost
912,9541,Low-Cost
913,4994,Low-Cost
914,9976,Low-Cost
915,9795,Low-Cost
916,8949,Low-Cost
917,8389,Low-Cost
918,8998,Low-Cost
919,9485,Low-Cost
920,8754,Low-Cost
921,4949,Low-Cost
922,9844,Low-Cost
923,8867,Low-Cost
924,9971,Low-Cost
925,9727,Low-Cost
926,5483,Low-Cost
927,9827,Low-Cost
928,7233,Low-Cost
929,9842,Low-Cost
930,9034,Low-Cost
931,9639,Low-Cost
932,9726,Low-Cost
933,8409,Low-Cost
934,8845,Low-Cost
935,9889,Low-Cost
936,4874,Low-Cost
937,9697,Low-Cost
938,9759,Low-Cost
939,4243,Low-Cost
940,5820,Low-Cost
941,8000,Low-Cost
942,3431,Low-Cost
943,5109,Low-Cost
944,9565,Low-Cost
945,9600,Low-Cost
946,9609,Low-Cost
947,8584,Low-Cost
948,6803,Low-Cost
949,5251,Low-Cost
950,8785,Low-Cost
951,7981,Low-Cost
952,9992,Low-Cost
953,8766,Low-Cost
954,9954,Low-Cost
955,6275,Low-Cost
956,9707,Low-Cost
957,9478,Low-Cost
958,9930,Low-Cost
959,7638,Low-Cost
960,9845,Low-Cost
961,4812,Low-Cost
962,7807,Low-Cost
963,8674,Low-Cost
964,9882,Low-Cost
965,9629,Low-Cost
966,7103,Low-Cost
967,9335,Low-Cost
968,9869,Low-Cost
969,7119,Low-Cost
970,9955,Low-Cost
971,9912,Low-Cost
972,9686,Low-Cost
973,6326,Low-Cost
974,9231,Low-Cost
975,8415,Low-Cost
976,9496,Low-Cost
977,9880,Low-Cost
978,9950,Low-Cost
979,9530,Low-Cost
980,9527,Low-Cost
981,9964,Low-Cost
982,9792,Low-Cost
983,9899,Low-Cost
984,8767,Low-Cost
985,9826,Low-Cost
986,8703,Low-Cost
987,9983,Low-Cost
988,9765,Low-Cost
989,9856,Low-Cost
990,9763,Low-Cost
991,9981,Low-Cost
992,9520,Low-Cost
993,9773,Low-Cost
994,9255,Low-Cost
995,9965,Low-Cost
996,9084,Low-Cost
997,9922,Low-Cost
998,8520,Low-Cost
999,8138,Low-Cost
1000,8736,Low-Cost
1001,9778,Low-Cost
1002,9748,Low-Cost
1003,8428,Low-Cost
1004,5909,Low-Cost
1005,9200,Low-Cost
1006,5192,Low-Cost
1007,5627,Low-Cost
1008,7598,Low-Cost
1009,8797,Low-Cost
1010,9194,Low-Cost
1011,9203,Low-Cost
1012,8013,Low-Cost
1013,8996,Low-Cost
1014,9848,Low-Cost
1015,9161,Low-Cost
1016,9945,Low-Cost
1017,5006,Low-Cost
1018,9258,Low-Cost
1019,9002,Low-Cost
1020,9060,Low-Cost
1021,8696,Low-Cost
1022,3694,Low-Cost
1023,5062,Low-Cost
1024,6272,Low-Cost
1025,6297,Low-Cost
1026,9129,Low-Cost
1027,9940,Low-Cost
1028,6433,Low-Cost
1029,7990,Low-Cost
1030,5237,Low-Cost
1031,8929,Low-Cost
1032,3057,Low-Cost
1033,9444,Low-Cost
1034,4133,Low-Cost
1035,2890,Low-Cost
1036,6380,Low-Cost
1037,9876,Low-Cost
1038,5098,Low-Cost
1039,6633,Low-Cost
1040,5729,Low-Cost
1041,7092,Low-Cost
1042,6643,Low-Cost
1043,9397,Low-Cost
1044,5070,Low-Cost
1045,8646,Low-Cost
1046,5057,Low-Cost
1047,3061,Low-Cost
1048,8580,Low-Cost
1049,5542,Low-Cost
1050,7424,Low-Cost
1051,4485,Low-Cost
1052,4308,Low-Cost
1053,8263,Low-Cost
1054,3064,Low-Cost
1055,9684,Low-Cost
1056,5949,Low-Cost
1057,6202,Low-Cost
1058,4811,Low-Cost
1059,3842,Low-Cost
1060,5942,Low-Cost
1061,4739,Low-Cost
1062,5527,Low-Cost
1063,8868,Low-Cost
1064,7454,Low-Cost
1065,8017,Low-Cost
1066,5457,Low-Cost
1067,8053,Low-Cost
1068,4453,Low-Cost
1069,6211,Low-Cost
1070,5370,Low-Cost
1071,6708,Low-Cost
1072,5176,Low-Cost
1073,7551,Low-Cost
1074,5486,Low-Cost
1075,6077,Low-Cost
1076,4103,Low-Cost
1077,9627,Low-Cost
1078,6713,Low-Cost
1079,6665,Low-Cost
1080,6513,Low-Cost
1081,6029,Low-Cost
1082,7274,Low-Cost
1083,4932,Low-Cost
1084,6425,Low-Cost
1085,5451,Low-Cost
1086,4492,Low-Cost
1087,5638,Low-Cost
1088,7243,Low-Cost
1089,4963,Low-Cost
1090,7176,Low-Cost
1091,6671,Low-Cost
1092,8492,Low-Cost
1093,9995,Low-Cost
1094,9928,Low-Cost
1095,5526,Low-Cost
1096,3457,Low-Cost
1097,5511,Low-Cost
1098,3499,Low-Cost
1099,7797,Low-Cost
1100,6593,Low-Cost
1101,6810,Low-Cost
1102,9870,Low-Cost
1103,4537,Low-Cost
1104,5624,Low-Cost
1105,5179,Low-Cost
1106,8734,Low-Cost
1107,4764,Low-Cost
1108,4182,Low-Cost
1109,8986,Low-Cost
1110,5114,Low-Cost
1111,5244,Low-Cost
1112,5614,Low-Cost
1113,7125,Low-Cost
1114,8806,Low-Cost
1115,3419,Low-Cost
1116,9413,Low-Cost
1117,4682,Low-Cost
1118,6203,Low-Cost
1119,5982,Low-Cost
1120,5510,Low-Cost
1121,9091,Low-Cost
1122,8077,Low-Cost
1123,6268,Low-Cost
1124,8837,Low-Cost
1125,6953,Low-Cost
1126,5681,Low-Cost
1127,3710,Low-Cost
1128,6490,Low-Cost
1129,3697,Low-Cost
1130,4846,Low-Cost
1131,4525,Low-Cost
1132,8062,Low-Cost
1133,7893,Low-Cost
1134,6344,Low-Cost
1135,9056,Low-Cost
1136,4327,Low-Cost
1137,9554,Low-Cost
1138,3305,Low-Cost
1139,6975,Low-Cost
1140,5625,Low-Cost
1141,6223,Low-Cost
1142,4310,Low-Cost
1143,5912,Low-Cost
1144,4075,Low-Cost
1145,3960,Low-Cost
1146,9966,Low-Cost
1147,9115,Low-Cost
1148,5356,Low-Cost
1149,4250,Low-Cost
1150,7209,Low-Cost
1151,5919,Low-Cost
1152,4987,Low-Cost
1153,8132,Low-Cost
1154,5125,Low-Cost
1155,4073,Low-Cost
1156,4455,Low-Cost
1157,6588,Low-Cost
1158,7626,Low-Cost
1159,4700,Low-Cost
1160,5544,Low-Cost
1161,9371,Low-Cost
1162,4086,Low-Cost
1163,7483,Low-Cost
1164,6273,Low-Cost
1165,4352,Low-Cost
1166,7457,Low-Cost
1167,8738,Low-Cost
1168,6046,Low-Cost
1169,5424,Low-Cost
1170,7083,Low-Cost
1171,5263,Low-Cost
1172,7287,Low-Cost
1173,5480,Low-Cost
1174,8209,Low-Cost
1175,4940,Low-Cost
1176,3791,Low-Cost
1177,7667,Low-Cost
1178,4226,Low-Cost
1179,4062,Low-Cost
1180,6868,Low-Cost
1181,6661,Low-Cost
1182,4957,Low-Cost
1183,5530,Low-Cost
1184,4971,Low-Cost
1185,9632,Low-Cost
1186,8204,Low-Cost
1187,4751,Low-Cost
1188,3810,Low-Cost
1189,5000,Low-Cost
1190,5330,Low-Cost
1191,7371,Low-Cost
1192,5606,Low-Cost
1193,7806,Low-Cost
1194,6572,Low-Cost
1195,6062,Low-Cost
1196,6847,Low-Cost
1197,8527,Low-Cost
1198,8214,Low-Cost
1199,6484,Low-Cost
1200,4317,Low-Cost
1201,7337,Low-Cost
1202,3423,Low-Cost
1203,6466,Low-Cost
1204,3142,Low-Cost
1205,8015,Low-Cost
1206,9884,Low-Cost
1207,9732,Low-Cost
1208,9347,Low-Cost
1209,9867,Low-Cost
1210,6889,Low-Cost
1211,7554,Low-Cost
1212,4481,Low-Cost
1213,4717,Low-Cost
1214,5122,Low-Cost
1215,7336,Low-Cost
1216,7191,Low-Cost
1217,6934,Low-Cost
1218,3294,Low-Cost
1219,5373,Low-Cost
1220,8406,Low-Cost
1221,9917,Low-Cost
1222,8333,Low-Cost
1223,7600,Low-Cost
1224,9227,Low-Cost
1225,5871,Low-Cost
1226,4065,Low-Cost
1227,4888,Low-Cost
1228,3537,Low-Cost
1229,4627,Low-Cost
1230,7627,Low-Cost
1231,7489,Low-Cost
1232,5260,Low-Cost
1233,7477,Low-Cost
1234,7957,Low-Cost
1235,3938,Low-Cost
1236,6155,Low-Cost
1237,6198,Low-Cost
1238,8500,Low-Cost
1239,5787,Low-Cost
1240,4508,Low-Cost
1241,8309,Low-Cost
1242,3943,Low-Cost
1243,3108,Low-Cost
1244,8536,Low-Cost
1245,3513,Low-Cost
1246,4891,Low-Cost
1247,2810,Low-Cost
1248,7857,Low-Cost
1249,9290,Low-Cost
1250,8231,Low-Cost
1251,2765,Low-Cost
1252,7142,Low-Cost
1253,9305,Low-Cost
1254,6039,Low-Cost
1255,8934,Low-Cost
1256,8666,Low-Cost
1257,5190,Low-Cost
1258,5503,Low-Cost
1259,3935,Low-Cost
1260,9339,Low-Cost
1261,5736,Low-Cost
1262,7534,Low-Cost
1263,7936,Low-Cost
1264,9562,Low-Cost
1265,8127,Low-Cost
1266,5311,Low-Cost
1267,9793,Low-Cost
1268,5767,Low-Cost
1269,4573,Low-Cost
1270,6000,Low-Cost
1271,6870,Low-Cost
1272,3982,Low-Cost
1273,9597,Low-Cost
1274,6523,Low-Cost
1275,4813,Low-Cost
1276,7383,Low-Cost
1277,5458,Low-Cost
1278,7581,Low-Cost
1279,5130,Low-Cost
1280,7300,Low-Cost
1281,8404,Low-Cost
1282,7652,Low-Cost
1283,9185,Low-Cost
1284,9003,Low-Cost
1285,6127,Low-Cost
1286,4497,Low-Cost
1287,5722,Low-Cost
1288,5920,Low-Cost
1289,4734,Low-Cost
1290,6361,Low-Cost
1291,5577,Low-Cost
1292,5673,Low-Cost
1293,3882,Low-Cost
1294,3738,Low-Cost
1295,5096,Low-Cost
1296,3348,Low-Cost
1297,6780,Low-Cost
1298,4678,Low-Cost
1299,7368,Low-Cost
1300,4605,Low-Cost
1301,7308,Low-Cost
1302,3779,Low-Cost
1303,3551,Low-Cost
1304,5156,Low-Cost
1305,4402,Low-Cost
1306,7930,Low-Cost
1307,4714,Low-Cost
1308,5556,Low-Cost
1309,3358,Low-Cost
1310,5647,Low-Cost
1311,4107,Low-Cost
1312,9909,Low-Cost
1313,4724,Low-Cost
1314,9932,Low-Cost
1315,9810,Low-Cost
1316,9947,Low-Cost
1317,9742,Low-Cost
1318,3256,Low-Cost
1319,9215,Low-Cost
1320,7011,Low-Cost
1321,4911,Low-Cost
1322,5628,Low-Cost
1323,4205,Low-Cost
1324,7473,Low-Cost
1325,9108,Low-Cost
1326,9006,Low-Cost
1327,6658,Low-Cost
1328,5410,Low-Cost
1329,3947,Low-Cost
1330,6727,Low-Cost
1331,5957,Low-Cost
1332,4600,Low-Cost
1333,4896,Low-Cost
1334,3222,Low-Cost
1335,4977,Low-Cost
1336,5257,Low-Cost
1337,4583,Low-Cost
1338,7583,Low-Cost
1339,8960,Low-Cost
1340,7333,Low-Cost
1341,6961,Low-Cost
1342,9874,Low-Cost
1343,5455,Low-Cost
1344,8473,Low-Cost
1345,4000,Low-Cost
1346,4080,Low-Cost
1347,9272,Low-Cost
1348,5296,Low-Cost
1349,6584,Low-Cost
1350,6221,Low-Cost
1351,5437,Low-Cost
1352,7384,Low-Cost
1353,4704,Low-Cost
1354,5657,Low-Cost
1355,7228,Low-Cost
1356,5221,Low-Cost
1357,4978,Low-Cost
1358,5339,Low-Cost
1359,6549,Low-Cost
1360,3718,Low-Cost
1361,5222,Low-Cost
1362,5041,Low-Cost
1363,4066,Low-Cost
1364,5494,Low-Cost
1365,4795,Low-Cost
1366,6287,Low-Cost
1367,5506,Low-Cost
1368,9259,Low-Cost
1369,2958,Low-Cost
1370,5479,Low-Cost
1371,3806,Low-Cost
1372,6102,Low-Cost
1373,5413,Low-Cost
1374,5751,Low-Cost
1375,5361,Low-Cost
1376,4470,Low-Cost
1377,3317,Low-Cost
1378,5936,Low-Cost
1379,4693,Low-Cost
1380,4203,Low-Cost
1381,5185,Low-Cost
1382,5082,Low-Cost
1383,7447,Low-Cost
1384,8462,Low-Cost
1385,4375,Low-Cost
1386,4179,Low-Cost
1387,3890,Low-Cost
1388,3600,Low-Cost
1389,7733,Low-Cost
1390,5721,Low-Cost
1391,4280,Low-Cost
1392,3406,Low-Cost
1393,5169,Low-Cost
1394,3803,Low-Cost
1395,4469,Low-Cost
1396,7869,Low-Cost
1397,6970,Low-Cost
1398,6579,Low-Cost
1399,4979,Low-Cost
1400,4778,Low-Cost
1401,6942,Low-Cost
1402,5719,Low-Cost
1403,6600,Low-Cost
1404,3742,Low-Cost
1405,5988,Low-Cost
1406,5490,Low-Cost
1407,3377,Low-Cost
1408,5378,Low-Cost
1409,4791,Low-Cost
1410,3709,Low-Cost
1411,4505,Low-Cost
1412,4692,Low-Cost
1413,9583,Low-Cost
1414,5599,Low-Cost
1415,8830,Low-Cost
1416,5388,Low-Cost
1417,2934,Low-Cost
1418,3748,Low-Cost
1419,6442,Low-Cost
1420,3429,Low-Cost
1421,6439,Low-Cost
1422,9653,Low-Cost
1423,5331,Low-Cost
1424,4635,Low-Cost
1425,4314,Low-Cost
1426,5135,Low-Cost
1427,7975,Low-Cost
1428,7778,Low-Cost
1429,6578,Low-Cost
1430,6071,Low-Cost
1431,3464,Low-Cost
1432,6622,Low-Cost
1433,4843,Low-Cost
1434,4151,Low-Cost
1435,2821,Low-Cost
1436,4886,Low-Cost
1437,9167,Low-Cost
1438,9709,Low-Cost
1439,9794,Low-Cost
1440,8290,Low-Cost
1441,8007,Low-Cost
1442,9886,Low-Cost
1443,9369,Low-Cost
1444,9813,Low-Cost
1445,9838,Low-Cost
1446,5316,Low-Cost
1447,9846,Low-Cost
1448,8941,Low-Cost
1449,5972,Low-Cost
1450,8995,Low-Cost
1451,5564,Low-Cost
1452,4389,Low-Cost
1453,8182,Low-Cost
1454,5770,Low-Cost
1455,8810,Low-Cost
1456,5180,Low-Cost
1457,4079,Low-Cost
1458,5392,Low-Cost
1459,9811,Low-Cost
1460,8497,Low-Cost
1461,3133,Low-Cost
1462,3883,Low-Cost
1463,8829,Low-Cost
1464,9752,Low-Cost
1465,5540,Low-Cost
1466,8410,Low-Cost
1467,6429,Low-Cost
1468,6285,Low-Cost
1469,4297,Low-Cost
1470,3839,Low-Cost
1471,6403,Low-Cost
1472,4730,Low-Cost
1473,3367,Low-Cost
1474,4857,Low-Cost
1475,3770,Low-Cost
1476,3312,Low-Cost
1477,9088,Low-Cost
1478,6478,Low-Cost
1479,8036,Low-Cost
1480,9935,Low-Cost
1481,6909,Low-Cost
1482,9957,Low-Cost
1483,9783,Low-Cost
1484,9861,Low-Cost
1485,7628,Low-Cost
1486,9893,Low-Cost
1487,5290,Low-Cost
1488,9915,Low-Cost
1489,4718,Low-Cost
1490,9834,Low-Cost
1491,7486,Low-Cost
1492,5485,Low-Cost
1493,9789,Low-Cost
1494,5139,Low-Cost
1495,3590,Low-Cost
1496,9925,Low-Cost
1497,6996,Low-Cost
1498,9900,Low-Cost
1499,6941,Low-Cost
1500,9878,Low-Cost
1501,3906,Low-Cost
1502,9849,Low-Cost
1503,9791,Low-Cost
1504,9751,Low-Cost
1505,4515,Low-Cost
1506,6238,Low-Cost
1507,9718,Low-Cost
1508,9996,Low-Cost
1509,5522,Low-Cost
1510,9837,Low-Cost
1511,3463,Low-Cost
1512,9183,Low-Cost
1513,4950,Low-Cost
1514,5293,Low-Cost
1515,5496,Low-Cost
1516,9756,Low-Cost
1517,6705,Low-Cost
1518,3800,Low-Cost
1519,8688,Low-Cost
1520,6878,Low-Cost
1521,6081,Low-Cost
1522,6050,Low-Cost
1523,3826,Low-Cost
1524,9918,Low-Cost
1525,9904,Low-Cost
1526,6111,Low-Cost
1527,5818,Low-Cost
1528,7805,Low-Cost
1529,5112,Low-Cost
1530,3903,Low-Cost
1531,9924,Low-Cost
1532,4899,Low-Cost
1533,6286,Low-Cost
1534,5024,Low-Cost
1535,9651,Low-Cost
1536,3788,Low-Cost
1537,9910,Low-Cost
1538,3680,Low-Cost
1539,9970,Low-Cost
1540,9755,Low-Cost
1541,9974,Low-Cost
1542,7625,Low-Cost
1543,4864,Low-Cost
1544,9851,Low-Cost
1545,9830,Low-Cost
1546,5615,Low-Cost
1547,6762,Low-Cost
1548,9744,Low-Cost
1549,9911,Low-Cost
1550,9790,Low-Cost
1551,3971,Low-Cost
1552,4688,Low-Cost
1553,6161,Low-Cost
1554,4615,Low-Cost
1555,6994,Low-Cost
1556,9933,Low-Cost
1557,5264,Low-Cost
1558,9601,Low-Cost
1559,5262,Low-Cost
1560,6459,Low-Cost
1561,9877,Low-Cost
1562,5115,Low-Cost
1563,9942,Low-Cost
1564,5126,Low-Cost
1565,6496,Low-Cost
1566,9720,Low-Cost
1567,5291,Low-Cost
1568,9888,Low-Cost
1569,5427,Low-Cost
1570,9831,Low-Cost
1571,5167,Low-Cost
1572,9951,Low-Cost
1573,9730,Low-Cost
1574,7127,Low-Cost
1575,9538,Low-Cost
1576,9089,Low-Cost
1577,4421,Low-Cost
1578,9708,Low-Cost
1579,5183,Low-Cost
1580,5042,Low-Cost
1581,5785,Low-Cost
1582,9821,Low-Cost
1583,5007,Low-Cost
1584,7344,Low-Cost
1585,4819,Low-Cost
1586,9616,Low-Cost
1587,5730,Low-Cost
1588,9969,Low-Cost
1589,7290,Low-Cost
1590,9897,Low-Cost
1591,4746,Low-Cost
1592,8901,Low-Cost
1593,6391,Low-Cost
1594,4815,Low-Cost
1595,5745,Low-Cost
1596,5879,Low-Cost
1597,9407,Low-Cost
1598,9191,Low-Cost
1599,9334,Low-Cost
1600,9542,Low-Cost
1601,9567,Low-Cost
1602,9656,Low-Cost
1603,8820,Low-Cost
1604,8120,Low-Cost
1605,6771,Low-Cost
1606,7273,Low-Cost
1607,9086,Low-Cost
1608,4849,Low-Cost
1609,4917,Low-Cost
1610,7664,Low-Cost
1611,6768,Low-Cost
1612,5670,Low-Cost
1613,7966,Low-Cost
1614,5072,Low-Cost
1615,3314,Low-Cost
1616,8293,Low-Cost
1617,9304,Low-Cost
1618,9649,Low-Cost
1619,8621,Low-Cost
1620,8501,Low-Cost
1621,6136,Low-Cost
1622,9796,Low-Cost
1623,5093,Low-Cost
1624,9345,Low-Cost
1625,8761,Low-Cost
1626,6816,Low-Cost
1627,6399,Low-Cost
1628,7377,Low-Cost
1629,9552,Low-Cost
1630,8342,Low-Cost
1631,4920,Low-Cost
1632,5739,Low-Cost
1633,8757,Low-Cost
1634,3683,Low-Cost
1635,8478,Low-Cost
1636,9665,Low-Cost
1637,5155,Low-Cost
1638,8812,Low-Cost
1639,4894,Low-Cost
1640,7149,Low-Cost
1641,6325,Low-Cost
1642,9234,Low-Cost
1643,9689,Low-Cost
1644,9351,Low-Cost
1645,5464,Low-Cost
1646,4909,Low-Cost
1647,5063,Low-Cost
1648,9683,Low-Cost
1649,9518,Low-Cost
1650,9529,Low-Cost
1651,7140,Low-Cost
1652,9085,Low-Cost
1653,8082,Low-Cost
1654,7353,Low-Cost
1655,7736,Low-Cost
1656,9071,Low-Cost
1657,7879,Low-Cost
1658,7708,Low-Cost
1659,7346,Low-Cost
1660,5607,Low-Cost
1661,7506,Low-Cost
1662,5447,Low-Cost
1663,8130,Low-Cost
1664,3176,Low-Cost
1665,5929,Low-Cost
1666,7592,Low-Cost
1667,6777,Low-Cost
1668,4499,Low-Cost
1669,7685,Low-Cost
1670,4794,Low-Cost
1671,4026,Low-Cost
1672,7472,Low-Cost
1673,3760,Low-Cost
1674,9330,Low-Cost
1675,7623,Low-Cost
1676,9122,Low-Cost
1677,8360,Low-Cost
1678,7608,Low-Cost
1679,9738,Low-Cost
1680,5661,Low-Cost
1681,7609,Low-Cost
1682,8315,Low-Cost
1683,8193,Low-Cost
1684,5295,Low-Cost
1685,9990,Low-Cost
1686,8873,Low-Cost
1687,6418,Low-Cost
1688,9342,Low-Cost
1689,7241,Low-Cost
1690,5931,Low-Cost
1691,8629,Low-Cost
1692,8305,Low-Cost
1693,9725,Low-Cost
1694,4649,Low-Cost
1695,5758,Low-Cost
1696,6340,Low-Cost
1697,4312,Low-Cost
1698,7148,Low-Cost
1699,5602,Low-Cost
1700,7601,Low-Cost
1701,6172,Low-Cost
1702,8587,Low-Cost
1703,4155,Low-Cost
1704,6662,Low-Cost
1705,6577,Low-Cost
1706,7152,Low-Cost
1707,6182,Low-Cost
1708,8508,Low-Cost
1709,8116,Low-Cost
1710,4558,Low-Cost
1711,6279,Low-Cost
1712,3650,Low-Cost
1713,3829,Low-Cost
1714,8202,Low-Cost
1715,8324,Low-Cost
1716,3268,Low-Cost
1717,8386,Low-Cost
1718,4146,Low-Cost
1719,4889,Low-Cost
1720,4043,Low-Cost
1721,6567,Low-Cost
1722,4089,Low-Cost
1723,3479,Low-Cost
1724,3032,Low-Cost
1725,8813,Low-Cost
1726,8249,Low-Cost
1727,9802,Low-Cost
1728,8454,Low-Cost
1729,9695,Low-Cost
1730,6355,Low-Cost
1731,9731,Low-Cost
1732,9445,Low-Cost
1733,6667,Low-Cost
1734,3954,Low-Cost
1735,9488,Low-Cost
1736,8371,Low-Cost
1737,8651,Low-Cost
1738,8397,Low-Cost
1739,9733,Low-Cost
1740,6124,Low-Cost
1741,9740,Low-Cost
1742,9213,Low-Cost
1743,8641,Low-Cost
1744,6147,Low-Cost
1745,8889,Low-Cost
1746,9939,Low-Cost
1747,7500,Low-Cost
1748,9018,Low-Cost
1749,7621,Low-Cost
1750,4474,Low-Cost
1751,8313,Low-Cost
1752,7640,Low-Cost
1753,5094,Low-Cost
1754,5186,Low-Cost
1755,8982,Low-Cost
1756,8488,Low-Cost
1757,8523,Low-Cost
1758,9864,Low-Cost
1759,9021,Low-Cost
1760,8052,Low-Cost
1761,9680,Low-Cost
1762,9753,Low-Cost
1763,6852,Low-Cost
1764,5858,Low-Cost
1765,9659,Low-Cost
1766,9093,Low-Cost
1767,9510,Low-Cost
1768,4055,Low-Cost
1769,4710,Low-Cost
1770,4604,Low-Cost
1771,4968,Low-Cost
1772,8927,Low-Cost
1773,6138,Low-Cost
1774,7166,Low-Cost
1775,7547,Low-Cost
1776,9539,Low-Cost
1777,7707,Low-Cost
1778,9618,Low-Cost
1779,7537,Low-Cost
1780,8699,Low-Cost
1781,9163,Low-Cost
1782,9028,Low-Cost
1783,9608,Low-Cost
1784,9047,Low-Cost
1785,9501,Low-Cost
1786,8241,Low-Cost
1787,6949,Low-Cost
1788,8134,Low-Cost
1789,5914,Low-Cost
1790,6422,Low-Cost
1791,9875,Low-Cost
1792,9435,Low-Cost
1793,9226,Low-Cost
1794,9703,Low-Cost
1795,8545,Low-Cost
1796,7800,Low-Cost
1797,5665,Low-Cost
1798,8364,Low-Cost
1799,8010,Low-Cost
1800,4776,Low-Cost
1801,5396,Low-Cost
1802,9140,Low-Cost
1803,8257,Low-Cost
1804,5228,Low-Cost
1805,5168,Low-Cost
1806,8770,Low-Cost
1807,6247,Low-Cost
1808,6738,Low-Cost
1809,4093,Low-Cost
1810,8675,Low-Cost
1811,7727,Low-Cost
1812,7467,Low-Cost
1813,8260,Low-Cost
1814,4840,Low-Cost
1815,5502,Low-Cost
1816,5762,Low-Cost
1817,9458,Low-Cost
1818,7029,Low-Cost
1819,4495,Low-Cost
1820,4338,Low-Cost
1821,6364,Low-Cost
1822,3388,Low-Cost
1823,5696,Low-Cost
1824,9406,Low-Cost
1825,8528,Low-Cost
1826,8655,Low-Cost
1827,6087,Low-Cost
1828,8490,Low-Cost
1829,5922,Low-Cost
1830,4451,Low-Cost
1831,2929,Low-Cost
1832,6042,Low-Cost
1833,6550,Low-Cost
1834,4265,Low-Cost
1835,7702,Low-Cost
1836,5985,Low-Cost
1837,5191,Low-Cost
1838,4737,Low-Cost
1839,9324,Low-Cost
1840,5847,Low-Cost
1841,8959,Low-Cost
1842,5009,Low-Cost
1843,5849,Low-Cost
1844,6877,Low-Cost
1845,6948,Low-Cost
1846,9776,Low-Cost
1847,9563,Low-Cost
1848,5958,Low-Cost
1849,5106,Low-Cost
1850,5500,Low-Cost
1851,7860,Low-Cost
1852,4254,Low-Cost
1853,3704,Low-Cost
1854,4177,Low-Cost
1855,6800,Low-Cost
1856,4597,Low-Cost
1857,3059,Low-Cost
1858,9956,Low-Cost
1859,9614,Low-Cost
1860,9873,Low-Cost
1861,5489,Low-Cost
1862,9862,Low-Cost
1863,5304,Low-Cost
1864,9745,Low-Cost
1865,7321,Low-Cost
1866,5690,Low-Cost
1867,8485,Low-Cost
1868,5076,Low-Cost
1869,4637,Low-Cost
1870,4634,Low-Cost
1871,9508,Low-Cost
1872,5208,Low-Cost
1873,5417,Low-Cost
1874,4610,Low-Cost
1875,6548,Low-Cost
1876,8056,Low-Cost
1877,9787,Low-Cost
1878,9205,Low-Cost
1879,6489,Low-Cost
1880,5322,Low-Cost
1881,7012,Low-Cost
1882,2815,Low-Cost
1883,3981,Low-Cost
1884,7672,Low-Cost
1885,3987,Low-Cost
1886,7499,Low-Cost
1887,9162,Low-Cost
1888,3343,Low-Cost
1889,4662,Low-Cost
1890,3750,Low-Cost
1891,6875,Low-Cost
1892,6103,Low-Cost
1893,2615,Low-Cost
1894,8747,Low-Cost
1895,6871,Low-Cost
1896,5857,Low-Cost
1897,5298,Low-Cost
1898,5047,Low-Cost
1899,5694,Low-Cost
1900,9535,Low-Cost
1901,6898,Low-Cost
1902,3967,Low-Cost
1903,3964,Low-Cost
1904,5676,Low-Cost
1905,7395,Low-Cost
1906,6220,Low-Cost
1907,5823,Low-Cost
1908,7245,Low-Cost
1909,4676,Low-Cost
1910,3497,Low-Cost
1911,8155,Low-Cost
1912,9333,Low-Cost
1913,8081,Low-Cost
1914,5325,Low-Cost
1915,9574,Low-Cost
1916,5448,Low-Cost
1917,6966,Low-Cost
1918,3538,Low-Cost
1919,6130,Low-Cost
1920,5282,Low-Cost
1921,6846,Low-Cost
1922,9596,Low-Cost
1923,6801,Low-Cost
1924,7568,Low-Cost
1925,6145,Low-Cost
1926,6375,Low-Cost
1927,4545,Low-Cost
1928,3698,Low-Cost
1929,3069,Low-Cost
1930,5362,Low-Cost
1931,6615,Low-Cost
1932,5634,Low-Cost
1933,8804,Low-Cost
1934,8494,Low-Cost
1935,5143,Low-Cost
1936,6509,Low-Cost
1937,9655,Low-Cost
1938,9754,Low-Cost
1939,7047,Low-Cost
1940,6991,Low-Cost
1941,4673,Low-Cost
1942,9130,Low-Cost
1943,7503,Low-Cost
1944,8745,Low-Cost
1945,5385,Low-Cost
1946,5826,Low-Cost
1947,3712,Low-Cost
1948,8930,Low-Cost
1949,5833,Low-Cost
1950,9010,Low-Cost
1951,5471,Low-Cost
1952,6617,Low-Cost
1953,9271,Low-Cost
1954,8870,Low-Cost
1955,9575,Low-Cost
1956,8694,Low-Cost
1957,7668,Low-Cost
1958,8173,Low-Cost
1959,4706,Low-Cost
1960,5312,Low-Cost
1961,9589,Low-Cost
1962,9031,Low-Cost
1963,9481,Low-Cost
1964,8815,Low-Cost
1965,9072,Low-Cost
1966,7739,Low-Cost
1967,9455,Low-Cost
1968,6812,Low-Cost
1969,6263,Low-Cost
1970,4032,Low-Cost
1971,5822,Low-Cost
1972,4833,Low-Cost
1973,8070,Low-Cost
1974,9005,Low-Cost
1975,8556,Low-Cost
1976,8450,Low-Cost
1977,6707,Low-Cost
1978,5238,Low-Cost
1979,7123,Low-Cost
1980,4064,Low-Cost
1981,8381,Low-Cost
1982,8560,Low-Cost
1983,6027,Low-Cost
1984,7111,Low-Cost
1985,7838,Low-Cost
1986,5859,Low-Cost
1987,7490,Low-Cost
1988,6412,Low-Cost
1989,3267,Low-Cost
1990,8636,Low-Cost
1991,3993,Low-Cost
1992,3412,Low-Cost
1993,3837,Low-Cost
1994,5927,Low-Cost
1995,7959,Low-Cost
1996,6528,Low-Cost
1997,6295,Low-Cost
1998,6311,Low-Cost
1999,6864,Low-Cost
2000,8398,Low-Cost
2001,5158,Low-Cost
2002,7401,Low-Cost
2003,6234,Low-Cost
2004,2662,Low-Cost
2005,7757,Low-Cost
2006,3787,Low-Cost
2007,9512,Low-Cost
2008,4552,Low-Cost
2009,6277,Low-Cost
2010,9245,Low-Cost
2011,3030,Low-Cost
2012,9994,Low-Cost
2013,8913,Low-Cost
2014,8639,Low-Cost
2015,3503,Low-Cost
2016,3350,Low-Cost
2017,9781,Low-Cost
2018,8684,Low-Cost
2019,9116,Low-Cost
2020,9131,Low-Cost
2021,8624,Low-Cost
2022,5484,Low-Cost
2023,5488,Low-Cost
2024,8301,Low-Cost
2025,5869,Low-Cost
2026,8117,Low-Cost
2027,4259,Low-Cost
2028,4952,Low-Cost
2029,4997,Low-Cost
2030,8172,Low-Cost
2031,7283,Low-Cost
2032,4004,Low-Cost
2033,7633,Low-Cost
2034,4368,Low-Cost
2035,4033,Low-Cost
2036,6519,Low-Cost
2037,7883,Low-Cost
2038,4740,Low-Cost
2039,4914,Low-Cost
2040,9459,Low-Cost
2041,7586,Low-Cost
2042,7008,Low-Cost
2043,5981,Low-Cost
2044,7780,Low-Cost
2045,5319,Low-Cost
2046,4719,Low-Cost
2047,4868,Low-Cost
2048,7418,Low-Cost
2049,7016,Low-Cost
2050,6376,Low-Cost
2051,2710,Low-Cost
2052,3763,Low-Cost
2053,9012,Low-Cost
2054,3757,Low-Cost
2055,3585,Low-Cost
2056,8932,Low-Cost
2057,3058,Low-Cost
2058,8498,Low-Cost
2059,9331,Low-Cost
2060,5162,Low-Cost
2061,4684,Low-Cost
2062,6981,Low-Cost
2063,6474,Low-Cost
2064,4520,Low-Cost
2065,9978,Low-Cost
2066,5444,Low-Cost
2067,8697,Low-Cost
2068,3990,Low-Cost
2069,8606,Low-Cost
2070,4702,Low-Cost
2071,7521,Low-Cost
2072,7342,Low-Cost
2073,5685,Low-Cost
2074,6989,Low-Cost
2075,5313,Low-Cost
2076,9457,Low-Cost
2077,6908,Low-Cost
2078,9735,Low-Cost
2079,8650,Low-Cost
2080,8136,Low-Cost
2081,3520,Low-Cost
2082,9341,Low-Cost
2083,8285,Low-Cost
2084,8237,Low-Cost
2085,5369,Low-Cost
2086,9437,Low-Cost
2087,9812,Low-Cost
2088,5700,Low-Cost
2089,4484,Low-Cost
2090,6899,Low-Cost
2091,3813,Low-Cost
2092,7830,Low-Cost
2093,3825,Low-Cost
2094,4589,Low-Cost
2095,2611,Low-Cost
2096,5077,Low-Cost
2097,5069,Low-Cost
2098,9962,Low-Cost
2099,4135,Low-Cost
2100,6820,Low-Cost
2101,3599,Low-Cost
2102,4873,Low-Cost
2103,7004,Low-Cost
2104,7141,Low-Cost
2105,2559,Low-Cost
2106,7040,Low-Cost
2107,2933,Low-Cost
2108,4021,Low-Cost
2109,6608,Low-Cost
2110,4801,Low-Cost
2111,6535,Low-Cost
2112,7513,Low-Cost
2113,4642,Low-Cost
2114,6751,Low-Cost
2115,5507,Low-Cost
2116,6134,Low-Cost
2117,4210,Low-Cost
2118,9650,Low-Cost
2119,7071,Low-Cost
2120,2729,Low-Cost
2121,8793,Low-Cost
2122,4171,Low-Cost
2123,3246,Low-Cost
2124,5236,Low-Cost
2125,3542,Low-Cost
2126,5517,Low-Cost
2127,6954,Low-Cost
2128,6208,Low-Cost
2129,7329,Low-Cost
2130,7116,Low-Cost
2131,7088,Low-Cost
2132,6736,Low-Cost
2133,5286,Low-Cost
2134,8063,Low-Cost
2135,8048,Low-Cost
2136,3345,Low-Cost
2137,8963,Low-Cost
2138,5131,Low-Cost
2139,7270,Low-Cost
2140,8287,Low-Cost
2141,6190,Low-Cost
2142,4213,Low-Cost
2143,4344,Low-Cost
2144,6960,Low-Cost
2145,9524,Low-Cost
2146,6330,Low-Cost
2147,5987,Low-Cost
2148,3175,Low-Cost
2149,5570,Low-Cost
2150,5438,Low-Cost
2151,4965,Low-Cost
2152,4467,Low-Cost
2153,4134,Low-Cost
2154,6250,Low-Cost
2155,5689,Low-Cost
2156,3615,Low-Cost
2157,6332,Low-Cost
2158,4364,Low-Cost
2159,9461,Low-Cost
2160,7216,Low-Cost
2161,5536,Low-Cost
2162,4162,Low-Cost
2163,7614,Low-Cost
2164,5552,Low-Cost
2165,3744,Low-Cost
2166,4986,Low-Cost
2167,6354,Low-Cost
2168,3183,Low-Cost
2169,5520,Low-Cost
2170,5777,Low-Cost
2171,7143,Low-Cost
2172,9301,Low-Cost
2173,6300,Low-Cost
2174,5940,Low-Cost
2175,4951,Low-Cost
2176,3918,Low-Cost
2177,4293,Low-Cost
2178,9107,Low-Cost
2179,3374,Low-Cost
2180,7239,Low-Cost
2181,5214,Low-Cost
2182,8773,Low-Cost
2183,7335,Low-Cost
2184,3951,Low-Cost
2185,6019,Low-Cost
2186,6213,Low-Cost
2187,8395,Low-Cost
2188,5066,Low-Cost
2189,6064,Low-Cost
2190,9988,Low-Cost
2191,8900,Low-Cost
2192,7294,Low-Cost
2193,2600,Low-Cost
2194,8750,Low-Cost
2195,8542,Low-Cost
2196,9979,Low-Cost
2197,9579,Low-Cost
2198,5733,Low-Cost
2199,5617,Low-Cost
2200,7440,Low-Cost
2201,6028,Low-Cost
2202,5206,Low-Cost
2203,3068,Low-Cost
2204,6541,Low-Cost
2205,7348,Low-Cost
2206,4068,Low-Cost
2207,4027,Low-Cost
2208,9967,Low-Cost
2209,9913,Low-Cost
2210,9537,Low-Cost
2211,5877,Low-Cost
2212,6377,Low-Cost
2213,7545,Low-Cost
2214,4775,Low-Cost
2215,6653,Low-Cost
2216,6733,Low-Cost
2217,4809,Low-Cost
2218,4346,Low-Cost
2219,4260,Low-Cost
2220,5254,Low-Cost
2221,4427,Low-Cost
2222,5345,Low-Cost
2223,5044,Low-Cost
2224,4195,Low-Cost
2225,4488,Low-Cost
2226,6845,Low-Cost
2227,8403,Low-Cost
2228,5677,Low-Cost
2229,5918,Low-Cost
2230,7841,Low-Cost
2231,4723,Low-Cost
2232,4948,Low-Cost
2233,5031,Low-Cost
2234,5811,Low-Cost
2235,3974,Low-Cost
2236,5798,Low-Cost
2237,3302,Low-Cost
2238,6438,Low-Cost
2239,7755,Low-Cost
2240,4496,Low-Cost
2241,3961,Low-Cost
2242,4783,Low-Cost
2243,3877,Low-Cost
2244,9516,Low-Cost
2245,4681,Low-Cost
2246,5705,Low-Cost
2247,6091,Low-Cost
2248,8146,Low-Cost
2249,4503,Low-Cost
2250,4672,Low-Cost
2251,7169,Low-Cost
2252,8125,Low-Cost
2253,6115,Low-Cost
2254,5585,Low-Cost
2255,7323,Low-Cost
2256,6761,Low-Cost
2257,7465,Low-Cost
2258,6965,Low-Cost
2259,6093,Low-Cost
2260,8274,Low-Cost
2261,5212,Low-Cost
2262,5968,Low-Cost
2263,6923,Low-Cost
2264,4981,Low-Cost
2265,8323,Low-Cost
2266,4621,Low-Cost
2267,4309,Low-Cost
2268,4286,Low-Cost
2269,6730,Low-Cost
2270,3915,Low-Cost
2271,9885,Low-Cost
2272,1958,Low-Cost
2273,8392,Low-Cost
2274,9196,Low-Cost
2275,6769,Low-Cost
2276,5528,Low-Cost
2277,8831,Low-Cost
2278,7134,Low-Cost
2279,6370,Low-Cost
2280,4919,Low-Cost
2281,8516,Low-Cost
2282,5081,Low-Cost
2283,4174,Low-Cost
2284,5667,Low-Cost
2285,3801,Low-Cost
2286,4291,Low-Cost
2287,4224,Low-Cost
2288,4351,Low-Cost
2289,4631,Low-Cost
2290,5469,Low-Cost
2291,5904,Low-Cost
2292,3078,Low-Cost
2293,8108,Low-Cost
2294,6317,Low-Cost
2295,5328,Low-Cost
2296,9223,Low-Cost
2297,9133,Low-Cost
2298,5515,Low-Cost
2299,6834,Low-Cost
2300,2775,Low-Cost
2301,6995,Low-Cost
2302,7375,Low-Cost
2303,7762,Low-Cost
2304,7837,Low-Cost
2305,4482,Low-Cost
2306,8658,Low-Cost
2307,5393,Low-Cost
2308,9291,Low-Cost
2309,7965,Low-Cost
2310,8521,Low-Cost
2311,4798,Low-Cost
2312,6056,Low-Cost
2313,6456,Low-Cost
2314,7590,Low-Cost
2315,5582,Low-Cost
2316,4884,Low-Cost
2317,4349,Low-Cost
2318,5532,Low-Cost
2319,7448,Low-Cost
2320,4083,Low-Cost
2321,5650,Low-Cost
2322,3896,Low-Cost
2323,4101,Low-Cost
2324,3793,Low-Cost
2325,8256,Low-Cost
2326,9278,Low-Cost
2327,6359,Low-Cost
2328,7001,Low-Cost
2329,8594,Low-Cost
2330,4476,Low-Cost
2331,8727,Low-Cost
2332,4916,Low-Cost
2333,6281,Low-Cost
2334,9037,Low-Cost
2335,2921,Low-Cost
2336,5601,Low-Cost
2337,6656,Low-Cost
2338,6822,Low-Cost
2339,6901,Low-Cost
2340,3333,Low-Cost
2341,8008,Low-Cost
2342,4744,Low-Cost
2343,6341,Low-Cost
2344,6694,Low-Cost
2345,7848,Low-Cost
2346,3386,Low-Cost
2347,6569,Low-Cost
2348,4885,Low-Cost
2349,7650,Low-Cost
2350,4144,Low-Cost
2351,4114,Low-Cost
2352,5610,Low-Cost
2353,5200,Low-Cost
2354,4883,Low-Cost
2355,4969,Low-Cost
2356,6443,Low-Cost
2357,4053,Low-Cost
2358,7730,Low-Cost
2359,3273,Low-Cost
2360,2953,Low-Cost
2361,5252,Low-Cost
2362,5051,Low-Cost
2363,5796,Low-Cost
2364,9147,Low-Cost
2365,8016,Low-Cost
2366,7812,Low-Cost
2367,4629,Low-Cost
2368,5763,Low-Cost
2369,8667,Low-Cost
2370,8312,Low-Cost
2371,8585,Low-Cost
2372,2904,Low-Cost
2373,6048,Low-Cost
2374,7822,Low-Cost
2375,5732,Low-Cost
2376,4630,Low-Cost
2377,4877,Low-Cost
2378,7034,Low-Cost
2379,8704,Low-Cost
2380,7035,Low-Cost
2381,9556,Low-Cost
2382,6217,Low-Cost
2383,7963,Low-Cost
2384,4048,Low-Cost
2385,4912,Low-Cost
2386,6503,Low-Cost
2387,9896,Low-Cost
2388,7709,Low-Cost
2389,7560,Low-Cost
2390,4424,Low-Cost
2391,9926,Low-Cost
2392,3582,Low-Cost
2393,6724,Low-Cost
2394,3675,Low-Cost
2395,5078,Low-Cost
2396,3894,Low-Cost
2397,6840,Low-Cost
2398,8372,Low-Cost
2399,8458,Low-Cost
2400,5220,Low-Cost
2401,5641,Low-Cost
2402,4622,Low-Cost
2403,3719,Low-Cost
2404,7785,Low-Cost
2405,7580,Low-Cost
2406,7909,Low-Cost
2407,5776,Low-Cost
2408,6518,Low-Cost
2409,2950,Low-Cost
2410,8598,Low-Cost
2411,5492,Low-Cost
2412,3849,Low-Cost
2413,9714,Low-Cost
2414,5781,Low-Cost
2415,7255,Low-Cost
2416,7579,Low-Cost
2417,4830,Low-Cost
2418,5938,Low-Cost
2419,9480,Low-Cost
2420,7927,Low-Cost
2421,5951,Low-Cost
2422,3587,Low-Cost
2423,5712,Low-Cost
2424,6128,Low-Cost
2425,6511,Low-Cost
2426,4531,Low-Cost
2427,9599,Low-Cost
2428,6420,Low-Cost
2429,6266,Low-Cost
2430,5839,Low-Cost
2431,6891,Low-Cost
2432,6126,Low-Cost
2433,9019,Low-Cost
2434,9536,Low-Cost
2435,8531,Low-Cost
2436,8147,Low-Cost
2437,8550,Low-Cost
2438,6184,Low-Cost
2439,7053,Low-Cost
2440,4875,Low-Cost
2441,5008,Low-Cost
2442,8171,Low-Cost
2443,6409,Low-Cost
2444,9785,Low-Cost
2445,6964,Low-Cost
2446,3862,Low-Cost
2447,4654,Low-Cost
2448,6063,Low-Cost
2449,4449,Low-Cost
2450,9000,Low-Cost
2451,5045,Low-Cost
2452,6397,Low-Cost
2453,6372,Low-Cost
2454,6997,Low-Cost
2455,3462,Low-Cost
2456,6628,Low-Cost
2457,6850,Low-Cost
2458,8554,Low-Cost
2459,4577,Low-Cost
2460,6199,Low-Cost
2461,7553,Low-Cost
2462,6660,Low-Cost
2463,9352,Low-Cost
2464,7121,Low-Cost
2465,6515,Low-Cost
2466,9257,Low-Cost
2467,9647,Low-Cost
2468,9986,Low-Cost
2469,8771,Low-Cost
2470,8861,Low-Cost
2471,7247,Low-Cost
2472,5363,Low-Cost
2473,9997,Low-Cost
2474,9908,Low-Cost
2475,9920,Low-Cost
2476,9462,Low-Cost
2477,9898,Low-Cost
2478,7823,Low-Cost
2479,7130,Low-Cost
2480,9658,Low-Cost
2481,5608,Low-Cost
2482,9741,Low-Cost
2483,8713,Low-Cost
2484,9316,Low-Cost
2485,9493,Low-Cost
2486,9901,Low-Cost
2487,8906,Low-Cost
2488,9430,Low-Cost
2489,9483,Low-Cost
2490,8937,Low-Cost
2491,5010,Low-Cost
2492,9500,Low-Cost
2493,9375,Low-Cost
2494,6865,Low-Cost
2495,9310,Low-Cost
2496,3622,Low-Cost
2497,6387,Low-Cost
2498,9620,Low-Cost
2499,9464,Low-Cost
2500,7687,Low-Cost
2501,8876,Low-Cost
2502,8885,Low-Cost
2503,7272,Low-Cost
2504,9132,Low-Cost
2505,6649,Low-Cost
2506,9281,Low-Cost
2507,7720,Low-Cost
2508,7522,Low-Cost
2509,8735,Low-Cost
2510,9769,Low-Cost
2511,7689,Low-Cost
2512,8297,Low-Cost
2513,9943,Low-Cost
2514,7158,Low-Cost
2515,9232,Low-Cost
2516,8776,Low-Cost
2517,9550,Low-Cost
2518,9857,Low-Cost
2519,9806,Low-Cost
2520,8424,Low-Cost
2521,9998,Low-Cost
2522,9894,Low-Cost
2523,9982,Low-Cost
2524,9871,Low-Cost
2525,9739,Low-Cost
2526,9598,Low-Cost
2527,9700,Low-Cost
2528,9977,Low-Cost
2529,8893,Low-Cost
2530,8435,Low-Cost
2531,8420,Low-Cost
2532,9672,Low-Cost
2533,9325,Low-Cost
2534,9317,Low-Cost
2535,9159,Low-Cost
2536,9153,Low-Cost
2537,9058,Low-Cost
2538,9762,Low-Cost
2539,9408,Low-Cost
2540,9852,Low-Cost
2541,9318,Low-Cost
2542,9266,Low-Cost
2543,9879,Low-Cost
2544,7819,Low-Cost
2545,4330,Low-Cost
2546,5939,Low-Cost
2547,9263,Low-Cost
2548,8252,Low-Cost
2549,9617,Low-Cost
2550,9944,Low-Cost
2551,7286,Low-Cost
2552,4507,Low-Cost
2553,8525,Low-Cost
2554,3730,Low-Cost
2555,3571,Low-Cost
2556,4156,Low-Cost
2557,9825,Low-Cost
2558,4549,Low-Cost
2559,5567,Low-Cost
2560,7446,Low-Cost
2561,6458,Low-Cost
2562,9642,Low-Cost
2563,4365,Low-Cost
2564,8493,Low-Cost
2565,5487,Low-Cost
2566,9237,Low-Cost
2567,6363,Low-Cost
2568,4457,Low-Cost
2569,8265,Low-Cost
2570,9737,Low-Cost
2571,6219,Low-Cost
2572,4599,Low-Cost
2573,3796,Low-Cost
2574,6060,Low-Cost
2575,4973,Low-Cost
2576,4961,Low-Cost
2577,7941,Low-Cost
2578,7404,Low-Cost
2579,7933,Low-Cost
2580,4747,Low-Cost
2581,8819,Low-Cost
2582,5150,Low-Cost
2583,6274,Low-Cost
2584,5793,Low-Cost
2585,6088,Low-Cost
2586,8098,Low-Cost
2587,5635,Low-Cost
2588,4603,Low-Cost
2589,9698,Low-Cost
2590,8230,Low-Cost
2591,7370,Low-Cost
2592,6235,Low-Cost
2593,4342,Low-Cost
2594,5632,Low-Cost
2595,6625,Low-Cost
2596,8124,Low-Cost
2597,6343,Low-Cost
2598,9993,Low-Cost
2599,9847,Low-Cost
2600,3036,Low-Cost
2601,3277,Low-Cost
2602,6627,Low-Cost
2603,9905,Low-Cost
2604,4741,Low-Cost
2605,4828,Low-Cost
2606,4722,Low-Cost
2607,8984,Low-Cost
2608,4273,Low-Cost
2609,6025,Low-Cost
2610,8314,Low-Cost
2611,8681,Low-Cost
2612,3446,Low-Cost
2613,9623,Low-Cost
2614,4879,Low-Cost
2615,6080,Low-Cost
2616,6524,Low-Cost
2617,5873,Low-Cost
2618,7831,Low-Cost
2619,5327,Low-Cost
2620,9064,Low-Cost
2621,6491,Low-Cost
2622,6193,Low-Cost
2623,3978,Low-Cost
2624,6500,Low-Cost
2625,4150,Low-Cost
2626,5152,Low-Cost
2627,4331,Low-Cost
2628,8139,Low-Cost
2629,7695,Low-Cost
2630,8329,Low-Cost
2631,6971,Low-Cost
2632,5819,Low-Cost
2633,8348,Low-Cost
2634,4429,Low-Cost
2635,3288,Low-Cost
2636,6476,Low-Cost
2637,5405,Low-Cost
2638,6170,Low-Cost
2639,3378,Low-Cost
2640,4227,Low-Cost
2641,5493,Low-Cost
2642,5953,Low-Cost
2643,3606,Low-Cost
2644,7126,Low-Cost
2645,9381,Low-Cost
2646,4548,Low-Cost
2647,4130,Low-Cost
2648,7678,Low-Cost
2649,5735,Low-Cost
2650,6186,Low-Cost
2651,4015,Low-Cost
2652,5478,Low-Cost
2653,4088,Low-Cost
2654,3980,Low-Cost
2655,5595,Low-Cost
2656,7691,Low-Cost
2657,3868,Low-Cost
2658,5882,Low-Cost
2659,9660,Low-Cost
2660,9336,Low-Cost
2661,7478,Low-Cost
2662,7495,Low-Cost
2663,9201,Low-Cost
2664,9022,Low-Cost
2665,8764,Low-Cost
2666,4834,Low-Cost
2667,8022,Low-Cost
2668,6204,Low-Cost
2669,3122,Low-Cost
2670,8947,Low-Cost
2671,4077,Low-Cost
2672,3701,Low-Cost
2673,7178,Low-Cost
2674,6842,Low-Cost
2675,4608,Low-Cost
2676,4593,Low-Cost
2677,4565,Low-Cost
2678,8121,Low-Cost
2679,5172,Low-Cost
2680,6546,Low-Cost
2681,6914,Low-Cost
2682,7970,Low-Cost
2683,6514,Low-Cost
2684,6454,Low-Cost
2685,6026,Low-Cost
2686,8821,Low-Cost
2687,8552,Low-Cost
2688,6296,Low-Cost
2689,5429,Low-Cost
2690,5594,Low-Cost
2691,3102,Low-Cost
2692,8211,Low-Cost
2693,5512,Low-Cost
2694,7258,Low-Cost
2695,7877,Low-Cost
2696,7174,Low-Cost
2697,4384,Low-Cost
2698,7162,Low-Cost
2699,8001,Low-Cost
2700,9902,Low-Cost
2701,4437,Low-Cost
2702,4859,Low-Cost
2703,4235,Low-Cost
2704,5695,Low-Cost
2705,3168,Low-Cost
2706,6197,Low-Cost
2707,7637,Low-Cost
2708,7998,Low-Cost
2709,2861,Low-Cost
2710,8106,Low-Cost
2711,7971,Low-Cost
2712,5317,Low-Cost
2713,6895,Low-Cost
2714,5285,Low-Cost
2715,7573,Low-Cost
2716,3460,Low-Cost
2717,3566,Low-Cost
2718,3564,Low-Cost
2719,3043,Low-Cost
2720,6353,Low-Cost
2721,2830,Low-Cost
2722,8719,Low-Cost
2723,9192,Low-Cost
2724,5533,Low-Cost
2725,9023,Low-Cost
2726,5048,Low-Cost
2727,9252,Low-Cost
